Workbook

Sheet TestPlan
A1: Test Plan ID | B1: Adactin_Hotel_App_01
A2: Application Name | B2: Adactin Hotel App (Hotel Reservation System)
A3: Application URL | B3: http://adactinhotelapp.com/
A4: Build Under Test | B4: Build 1 (developed with known defects, as stated on the application login page)
A5: Application Type | B5: Web Application
A6: Testing Type | B6: Manual Testing
A7: Testing Approach | B7: Black Box Testing
A8: In Scope | B8: Login, Forgot Password, Search Hotel, Select Hotel, Book a Hotel, Booking Confirmation, Booked Itinerary, Logout, Security (HTTP/HTTPS)
A9: Out of Scope | B9: New User Registration, Adactin mobile apps (iOS/Android), Performance and load testing, Build 2
A10: Test Objectives | B10: Verify that the hotel booking flow (login > search > select > book > confirm > itinerary > logout) works correctly and identify defects in Build 1.
A11: Test Environment | B11: Windows 11, Google Chrome, Internet
A12: Entry Criteria | B12: Application URL is accessible, test environment is ready, and a registered user account is available.
... A17: Prepared By | B17: priyanka dhingi

Sheet TestScenario
A1: S.No | B1: Module | C1: Test Scenario
A2: 1 | B2: Login | C2: Verify that the user can log in successfully using valid username and password.
A3: 2 | B3: Login | C3: Verify that an error message is displayed when an invalid username and password are entered.
A4: 3 | B4: Login | C4: Verify that login fails with a valid username and an invalid password.
A5: 4 | B5: Login | C5: Verify that login fails when the Username field is left blank.
A6: 5 | B6: Login | C6: Verify that login fails when the Password field is left blank.
A7: 6 | B7: Login | C7: Verify that the Password field masks the entered characters.
A8: 7 | B8: Login | C8: Verify that the Forgot Password link opens the Forgot Password page.
A9: 8 | B9: Security | C9: Verify that the application is accessed over a secure connection (HTTPS).
A10: 9 | B10: Security | C10: Verify that the account is locked or restricted after multiple failed login attempts.
A11: 10 | B11: Search Hotel | C11: Verify that the Search Hotel page opens with all search fields after login.
A12: 11 | B12: Search Hotel | C12: Verify that hotels are searched successfully with valid search details.
A13: 12 | B13: Search Hotel | C13: Verify that a validation message is displayed when Location is not selected.
... A37: 36 | B37: Logout | C37: Verify that the user cannot access Search Hotel page using the browser Back button after logout.

Sheet TestCase
A1: S.No | B1: Test Case ID | C1: Module | D1: Test Scenario | E1: Test Steps | F1: Test Data | G1: Expected Result | H1: Actual Result | I1: Status | J1: Bug ID
A2: 1 | B2: TC_001 | C2: Login | D2: Verify that the user can log in successfully using valid username and password. | E2: 1. Open http://adactinhotelapp.com/. 2. Enter username. 3. Enter password. 4. Click Login. | F2: Username: <your registered username> Password: <your password> | G2: User should log in and the Search Hotel page should open. | H2: User was logged in and the Search Hotel page was displayed. | I2: Pass
A3: 2 | B3: TC_002 | C3: Login | D3: Verify that an error message is displayed when an invalid username and password are entered. | E3: 1. Open the application. 2. Enter invalid username. 3. Enter invalid password. 4. Click Login. | F3: Username: wrong_user Password: wrong123 | G3: Error message "Invalid Login details or Your Password might have expired" should be displayed. | H3: Error message was displayed and the user was not logged in. | I3: Pass
A4: 3 | B4: TC_003 | C4: Login | D4: Verify that login fails with a valid username and an invalid password. | E4: 1. Open the application. 2. Enter valid username. 3. Enter wrong password. 4. Click Login. | F4: Username: <your registered username> Password: wrong123 | G4: Invalid login error message should be displayed. | H4: Invalid login error message was displayed. | I4: Pass
A5: 4 | B5: TC_004 | C5: Login | D5: Verify that login fails when the Username field is left blank. | E5: 1. Open the application. 2. Leave Username blank. 3. Enter password. 4. Click Login. | F5: Username: Blank Password: <your password> | G5: User should not log in and an error message should be displayed. | H5: Error message was displayed and the user stayed on the Login page. | I5: Pass
A6: 5 | B6: TC_005 | C6: Login | D6: Verify that login fails when the Password field is left blank. | E6: 1. Open the application. 2. Enter username. 3. Leave Password blank. 4. Click Login. | F6: Username: <your registered username> Password: Blank | G6: User should not log in and an error message should be displayed. | H6: Error message was displayed and the user stayed on the Login page. | I6: Pass
A7: 6 | B7: TC_006 | C7: Login | D7: Verify that the Password field masks the entered characters. | E7: 1. Open the application. 2. Type text in the Password field. | F7: Password: <your password> | G7: Password characters should be masked (shown as dots). | H7: Password characters were masked. | I7: Pass
A8: 7 | B8: TC_007 | C8: Login | D8: Verify that the Forgot Password link opens the Forgot Password page. | E8: 1. Open the application. 2. Click "Forgot Password?". | F8: N/A | G8: Forgot Password page should open. | H8: Forgot Password page was displayed. | I8: Pass
A9: 8 | B9: TC_008 | C9: Security | D9: Verify that the application is accessed over a secure connection (HTTPS). | E9: 1. Open http://adactinhotelapp.com/. 2. Check the browser address bar. 3. Observe the Login page. | F9: URL: http://adactinhotelapp.com/ | G9: Application should use HTTPS and the browser should show a secure connection while credentials are entered. | H9: Application runs on HTTP; browser shows "Not secure" on the Login page. | I9: Fail | J9: BUG_001
A10: 9 | B10: TC_009 | C10: Security | D10: Verify that the account is locked or restricted after multiple failed login attempts. | E10: 1. Open the application. 2. Enter valid username with a wrong password. 3. Click Login. 4. Repeat steps 2-3 five times. 5. Enter the correct password and click Login. | F10: Username: <your registered username> Password: wrong123 (x5), then correct password | G10: Account should be temporarily locked or a limit on failed attempts should apply. | H10: Login succeeded with the correct password after 5 failed attempts; no lockout or limit applied. | I10: Fail | J10: BUG_002
A11: 10 | B11: TC_010 | C11: Search Hotel | D11: Verify that the Search Hotel page opens with all search fields after login. | E11: 1. Login with valid credentials. 2. Check the Search Hotel page. | F11: Username: <your registered username> Password: <your password> | G11: Location, Hotels, Room Type, Number of Rooms, Check In Date, Check Out Date, Adults per Room and Children per Room fields should be displayed. | H11: All search fields were displayed. | I11: Pass
A12: 11 | B12: TC_011 | C12: Search Hotel | D12: Verify that hotels are searched successfully with valid search details. | E12: 1. Login. 2. Select Location. 3. Select Hotels, Room Type, Number of Rooms. 4. Enter valid Check In and Check Out dates. 5. Select Adults per Room. 6. Click Search. | F12: Location: Sydney Hotels: Hotel Creek Room Type: Standard Rooms: 1 Check In: today Check Out: tomorrow Adults: 2 | G12: Select Hotel page should open with matching hotel results. | H12: Select Hotel page opened with matching hotel results. | I12: Pass
A13: 12 | B13: TC_012 | C13: Search Hotel | D13: Verify that a validation message is displayed when Location is not selected. | E13: 1. Login. 2. Do not select Location. 3. Click Search. | F13: Location: --Select Location-- | G13: Message "Please Select a Location" should be displayed. | H13: Message "Please Select a Location" was displayed. | I13: Pass
A14: 13 | B14: TC_013 | C14: Search Hotel | D14: Verify that the Hotels dropdown shows hotels based on the selected Location. | E14: 1. Login. 2. Select Location Sydney. 3. Check the Hotels dropdown. | F14: Location: Sydney | G14: Only hotels available in the selected location should be listed. | H14: Hotels list changed according to the selected location. | I14: Pass
A15: 14 | B15: TC_014 | C15: Search Hotel | D15: Verify that the application does not allow a Check Out date earlier than the Check In date. | E15: 1. Login. 2. Select Location. 3. Enter Check In date as a later date. 4. Enter Check Out date as an earlier date. 5. Click Search. | F15: Check In: 20/12/2026 Check Out: 15/12/2026 | G15: Error message "Check-In Date shall be before than Check-Out Date" should be displayed. | H15: Search was accepted and hotel results were displayed for the invalid date range. | I15: Fail | J15: BUG_003
A16: 15 | B16: TC_015 | C16: Search Hotel | D16: Verify that the application does not allow a Check In date in the past. | E16: 1. Login. 2. Select Location. 3. Enter a past Check In date. 4. Enter a valid Check Out date. 5. Click Search. | F16: Check In: 01/01/2020 Check Out: tomorrow | G16: Error message "Check-In Date should be either Today or Later Date" should be displayed. | H16: Search was accepted and hotel results were displayed for the past date. | I16: Fail | J16: BUG_004
A17: 16 | B17: TC_016 | C17: Search Hotel | D17: Verify that the Reset button clears all entered search details. | E17: 1. Login. 2. Fill in the search fields. 3. Click Reset. | F17: Location: Sydney Hotels: Hotel Creek | G17: All fields should return to their default values. | H17: All fields were reset to default values. | I17: Pass
A18: 17 | B18: TC_017 | C18: Search Hotel | D18: Verify that the Number of Rooms selection is reflected in the booking. | E18: 1. Login. 2. Search with Number of Rooms = 2. 3. Select a hotel and continue. 4. Check the Book A Hotel page. | F18: Rooms: 2 | G18: Rooms count should be 2 on the Book A Hotel page. | H18: Rooms count was 2 on the Book A Hotel page. | I18: Pass
A19: 18 | B19: TC_018 | C19: Select Hotel | D19: Verify that the Select Hotel page shows hotel name, location, rooms, dates, price per night and total price. | E19: 1. Login. 2. Search for a hotel with valid details. 3. Check the Select Hotel page. | F19: Location: Sydney Hotels: Hotel Creek | G19: Hotel details, price per night and total price should be displayed correctly. | H19: All hotel details and prices were displayed. | I19: Pass
A20: 19 | B20: TC_019 | C20: Select Hotel | D20: Verify that a message is displayed when Continue is clicked without selecting a hotel. | E20: 1. Login. 2. Search for a hotel. 3. On Select Hotel page, click Continue without selecting a hotel. | F20: No hotel selected | G20: Message "Please Select a Hotel" should be displayed. | H20: Message "Please Select a Hotel" was displayed. | I20: Pass
A21: 20 | B21: TC_020 | C21: Select Hotel | D21: Verify that the user can select a hotel and continue to the Book A Hotel page. | E21: 1. Login. 2. Search for a hotel. 3. Select the hotel radio button. 4. Click Continue. | F21: Hotel: Hotel Creek | G21: Book A Hotel page should open. | H21: Book A Hotel page was displayed. | I21: Pass
A22: 21 | B22: TC_021 | C22: Book Hotel | D22: Verify that the Book A Hotel page shows the correct hotel and price details selected by the user. | E22: 1. Login. 2. Search and select a hotel. 3. Check the Book A Hotel page summary. | F22: Hotel: Hotel Creek | G22: Hotel name, location, room type, dates, price and total should match the Select Hotel page. | H22: Booking summary matched the selected hotel details. | I22: Pass
A23: 22 | B23: TC_022 | C23: Book Hotel | D23: Verify that a hotel is booked successfully with valid booking details. | E23: 1. Login. 2. Search and select a hotel. 3. Enter all booking details. 4. Click Book Now. | F23: First Name: John Last Name: Test Address: Mumbai Credit Card No: 1234567890123456 Card Type: VISA Expiry: January 2030 CVV: 123 | G23: Booking should be confirmed and the Booking Confirmation page should open with an Order No. | H23: Booking was confirmed and an Order No. was generated. | I23: Pass
A24: 23 | B24: TC_023 | C24: Book Hotel | D24: Verify that a validation message is displayed when all booking fields are left blank. | E24: 1. Login. 2. Search and select a hotel. 3. Leave all fields blank. 4. Click Book Now. | F24: All fields blank | G24: Validation messages should be displayed for all mandatory fields. | H24: Validation messages were displayed for all mandatory fields. | I24: Pass
A25: 24 | B25: TC_024 | C25: Book Hotel | D25: Verify that First Name is mandatory on the Book A Hotel page. | E25: 1. Login. 2. Search and select a hotel. 3. Leave First Name blank and fill other fields. 4. Click Book Now. | F25: First Name: Blank | G25: Message "Please Enter your First Name" should be displayed. | H25: Message "Please Enter your First Name" was displayed. | I25: Pass
A26: 25 | B26: TC_025 | C26: Book Hotel | D26: Verify that Last Name is mandatory on the Book A Hotel page. | E26: 1. Login. 2. Search and select a hotel. 3. Leave Last Name blank and fill other fields. 4. Click Book Now. | F26: Last Name: Blank | G26: Message "Please Enter your Last Name" should be displayed. | H26: Message "Please Enter your Last Name" was displayed. | I26: Pass
A27: 26 | B27: TC_026 | C27: Book Hotel | D27: Verify that Billing Address is mandatory on the Book A Hotel page. | E27: 1. Login. 2. Search and select a hotel. 3. Leave Billing Address blank and fill other fields. 4. Click Book Now. | F27: Billing Address: Blank | G27: Message "Please Enter your Address" should be displayed. | H27: Message "Please Enter your Address" was displayed. | I27: Pass
A28: 27 | B28: TC_027 | C28: Book Hotel | D28: Verify that a 16-digit credit card number is required. | E28: 1. Login. 2. Search and select a hotel. 3. Enter a 10-digit credit card number and fill other fields. 4. Click Book Now. | F28: Credit Card No: 1234567890 | G28: Message "Please Enter your 16 Digit Credit Card Number" should be displayed. | H28: Message "Please Enter your 16 Digit Credit Card Number" was displayed. | I28: Pass
... A31: 30 | B31: TC_030 | C31: Booking Confirmation | D31: Verify that the Booking Confirmation page shows the Order No. and booking details after a successful booking. | E31: 1. Login. 2. Complete a hotel booking. 3. Check the Booking Confirmation page. | F31: Valid booking details | G31: Order No., hotel details, dates and total price should be displayed. | H31: Order No. and all booking details were displayed. | I31: Pass
A32: 31 | B32: TC_031 | C32: Booking Confirmation | D32: Verify that a booking confirmation email is sent after a successful booking. | E32: 1. Login with an account that has a valid email. 2. Complete a hotel booking. 3. Check the registered email inbox (including spam). | F32: Valid booking details | G32: A booking confirmation email should be received. | H32: No booking confirmation email was received. | I32: Fail | J32: BUG_005
A33: 32 | B33: TC_032 | C33: Booked Itinerary | D33: Verify that the booked itinerary can be viewed and searched by Order No. | E33: 1. Login. 2. Complete a booking and note the Order No. 3. Open Booked Itinerary. 4. Search by Order No. | F33: Order No.: generated Order No. | G33: The booking matching the Order No. should be displayed with correct details. | H33: Booking was displayed with correct details. | I33: Pass
A34: 33 | B34: TC_033 | C34: Booked Itinerary | D34: Verify that a booked itinerary can be cancelled. | E34: 1. Login. 2. Open Booked Itinerary. 3. Select a booking and click Cancel. 4. Confirm the cancellation. | F34: Order No.: generated Order No. | G34: Booking should be cancelled and a cancellation message should be displayed. | H34: Booking was cancelled and the cancellation message was displayed. | I34: Pass
A35: 34 | B35: TC_034 | C35: Booked Itinerary | D35: Verify that the user can update or modify an existing booked itinerary. | E35: 1. Login. 2. Open Booked Itinerary. 3. Look for an option to edit or update the booking. | F35: Order No.: generated Order No. | G35: An option to update the booking (dates, rooms) should be available. | H35: No option is available to update an existing booking; only Cancel is provided. | I35: Fail | J35: BUG_006
A36: 35 | B36: TC_035 | C36: Logout | D36: Verify that the user can log out successfully. | E36: 1. Login. 2. Click Logout. | F36: Username: <your registered username> Password: <your password> | G36: Message "You have successfully logged out" should be displayed and the Login page link should be available. | H36: User was logged out and the logout message was displayed. | I36: Pass
A37: 36 | B37: TC_036 | C37: Logout | D37: Verify that the user cannot access Search Hotel page using the browser Back button after logout. | E37: 1. Login. 2. Click Logout. 3. Click the browser Back button. | F37: Username: <your registered username> Password: <your password> | G37: Session should be invalid and the user should not access the Search Hotel page. | H37: User was redirected to the Login page; the session was invalid. | I37: Pass

Sheet DefectReport
A1: Bug ID | B1: BUG_001
A2: Test Case ID | B2: TC_008
A3: Module | B3: Security
A4: Application | B4: Adactin Hotel App
A5: Environment | B5: Windows 11, Google Chrome
A6: Bug Summary | B6: Application is served over HTTP, not HTTPS; credentials are sent without encryption
A7: Steps to Reproduce | B7: 1. Open http://adactinhotelapp.com/. 2. Observe the URL and the browser security indicator. 3. Login with valid credentials.
A8: Expected Result | B8: Application should be served over HTTPS so that credentials and booking data are encrypted.
A9: Actual Result | B9: Application is served over HTTP; browser shows "Not secure".
A10: Severity | B10: High
A11: Priority | B11: High
A12: Status | B12: Open
... A82: Status | B82: Open

Sheet SummaryReport
A2: Module | B2: Test Cases | C2: Passed | D2: Failed
A3: Login | B3: =COUNTIF(TestCase!$C$2:$C$37,A3) -> 7 | C3: =COUNTIFS(TestCase!$C$2:$C$37,A3,TestCase!$I$2:$I$37,"Pass") -> 7 | D3: =COUNTIFS(TestCase!$C$2:$C$37,A3,TestCase!$I$2:$I$37,"Fail") -> 0
A4: Security | B4: =COUNTIF(TestCase!$C$2:$C$37,A4) -> 2 | C4: =COUNTIFS(TestCase!$C$2:$C$37,A4,TestCase!$I$2:$I$37,"Pass") -> 0 | D4: =COUNTIFS(TestCase!$C$2:$C$37,A4,TestCase!$I$2:$I$37,"Fail") -> 2
A5: Search Hotel | B5: =COUNTIF(TestCase!$C$2:$C$37,A5) -> 8 | C5: =COUNTIFS(TestCase!$C$2:$C$37,A5,TestCase!$I$2:$I$37,"Pass") -> 6 | D5: =COUNTIFS(TestCase!$C$2:$C$37,A5,TestCase!$I$2:$I$37,"Fail") -> 2
A6: Select Hotel | B6: =COUNTIF(TestCase!$C$2:$C$37,A6) -> 3 | C6: =COUNTIFS(TestCase!$C$2:$C$37,A6,TestCase!$I$2:$I$37,"Pass") -> 3 | D6: =COUNTIFS(TestCase!$C$2:$C$37,A6,TestCase!$I$2:$I$37,"Fail") -> 0
A7: Book Hotel | B7: =COUNTIF(TestCase!$C$2:$C$37,A7) -> 9 | C7: =COUNTIFS(TestCase!$C$2:$C$37,A7,TestCase!$I$2:$I$37,"Pass") -> 9 | D7: =COUNTIFS(TestCase!$C$2:$C$37,A7,TestCase!$I$2:$I$37,"Fail") -> 0
A8: Booking Confirmation | B8: =COUNTIF(TestCase!$C$2:$C$37,A8) -> 2 | C8: =COUNTIFS(TestCase!$C$2:$C$37,A8,TestCase!$I$2:$I$37,"Pass") -> 1 | D8: =COUNTIFS(TestCase!$C$2:$C$37,A8,TestCase!$I$2:$I$37,"Fail") -> 1
A9: Booked Itinerary | B9: =COUNTIF(TestCase!$C$2:$C$37,A9) -> 3 | C9: =COUNTIFS(TestCase!$C$2:$C$37,A9,TestCase!$I$2:$I$37,"Pass") -> 2 | D9: =COUNTIFS(TestCase!$C$2:$C$37,A9,TestCase!$I$2:$I$37,"Fail") -> 1
A10: Logout | B10: =COUNTIF(TestCase!$C$2:$C$37,A10) -> 2 | C10: =COUNTIFS(TestCase!$C$2:$C$37,A10,TestCase!$I$2:$I$37,"Pass") -> 2 | D10: =COUNTIFS(TestCase!$C$2:$C$37,A10,TestCase!$I$2:$I$37,"Fail") -> 0
A11: Total | B11: =SUM(B3:B10) -> 36 | C11: =SUM(C3:C10) -> 30 | D11: =SUM(D3:D10) -> 6
A14: Test Execution Summary | B14: Count
A15: Total Test Cases | B15: =COUNTA(TestCase!$B$2:$B$37) -> 36
A16: Passed | B16: =COUNTIF(TestCase!$I$2:$I$37,"Pass") -> 30
A17: Failed | B17: =COUNTIF(TestCase!$I$2:$I$37,"Fail") -> 6
A18: Blocked | B18: =COUNTIF(TestCase!$I$2:$I$37,"Blocked") -> 0
A19: Not Executed | B19: =COUNTIF(TestCase!$I$2:$I$37,"Not Executed") -> 0
A20: Pass Percentage | B20: =B16/B15 -> 0.83333333
A21: Fail Percentage | B21: =B17/B15 -> 0.16666667
A24: Defect Summary | B24: Count
A25: Total Defects | B25: =COUNTIF(DefectReport!$A$1:$A$100,"Bug ID") -> 6
A26: Severity - High | B26: =COUNTIFS(DefectReport!$A$1:$A$100,"Severity",DefectReport!$B$1:$B$100,"High") -> 3
A27: Severity - Medium | B27: =COUNTIFS(DefectReport!$A$1:$A$100,"Severity",DefectReport!$B$1:$B$100,"Medium") -> 3
A28: Severity - Low | B28: =COUNTIFS(DefectReport!$A$1:$A$100,"Severity",DefectReport!$B$1:$B$100,"Low") -> 0
A29: Status - Open | B29: =COUNTIFS(DefectReport!$A$1:$A$100,"Status ",DefectReport!$B$1:$B$100,"Open") -> 6

Sheet RTM
A1: Requirements Traceability Matrix (RTM)
A2: Application: Adactin Hotel App (Build 1) | Prepared By: Rugved Sahane | Testing Type: Manual Testing
A4: Req ID | B4: Requirement Description | C4: Module | D4: Test Scenario ID | E4: Test Case ID | F4: Test Case Description | G4: Execution Status
A5: REQ-001 | B5: User must be able to login with valid credentials | C5: Login | D5: TS-001 | E5: TC_001 | F5: Verify the user can log in successfully using valid username and password. | G5: =TestCase!I2 -> Pass
A6: REQ-002 | B6: System must show an error for invalid credentials | C6: Login | D6: TS-002 | E6: TC_002 | F6: Verify an error message is displayed when an invalid username and password are entered. | G6: =TestCase!I3 -> Pass
A7: REQ-002 | B7: System must show an error for invalid credentials | C7: Login | D7: TS-003 | E7: TC_003 | F7: Verify login fails with a valid username and an invalid password. | G7: =TestCase!I4 -> Pass
A8: REQ-003 | B8: System must show an error for blank Username | C8: Login | D8: TS-004 | E8: TC_004 | F8: Verify login fails when the Username field is left blank. | G8: =TestCase!I5 -> Pass
A9: REQ-004 | B9: System must show an error for blank Password | C9: Login | D9: TS-005 | E9: TC_005 | F9: Verify login fails when the Password field is left blank. | G9: =TestCase!I6 -> Pass
A10: REQ-005 | B10: Password field must mask the entered text | C10: Login | D10: TS-006 | E10: TC_006 | F10: Verify the Password field masks the entered characters. | G10: =TestCase!I7 -> Pass
A11: REQ-006 | B11: Forgot Password link must open the Forgot Password page | C11: Login | D11: TS-007 | E11: TC_007 | F11: Verify the Forgot Password link opens the Forgot Password page. | G11: =TestCase!I8 -> Pass
A12: REQ-007 | B12: Application must be served over HTTPS | C12: Security | D12: TS-008 | E12: TC_008 | F12: Verify the application is accessed over a secure connection (HTTPS). | G12: =TestCase!I9 -> Fail
A13: REQ-008 | B13: Failed login attempts must be limited | C13: Security | D13: TS-009 | E13: TC_009 | F13: Verify the account is locked or restricted after multiple failed login attempts. | G13: =TestCase!I10 -> Fail
A14: REQ-009 | B14: Search Hotel page must display all search fields | C14: Search Hotel | D14: TS-010 | E14: TC_010 | F14: Verify the Search Hotel page opens with all search fields after login. | G14: =TestCase!I11 -> Pass
A15: REQ-010 | B15: User must be able to search hotels with valid details | C15: Search Hotel | D15: TS-011 | E15: TC_011 | F15: Verify hotels are searched successfully with valid search details. | G15: =TestCase!I12 -> Pass
A16: REQ-011 | B16: Location must be mandatory for search | C16: Search Hotel | D16: TS-012 | E16: TC_012 | F16: Verify a validation message is displayed when Location is not selected. | G16: =TestCase!I13 -> Pass
... A40: REQ-030 | B40: Session must be invalid after logout | C40: Logout | D40: TS-036 | E40: TC_036 | F40: Verify the user cannot access Search Hotel page using the browser Back button after logout. | G40: =TestCase!I37 -> Pass
A42: Test Execution Summary
A43: Total Test Cases | C43: =COUNTA(E5:E40) -> 36
A44: Passed | C44: =COUNTIF(G5:G40,"Pass") -> 30
A45: Failed | C45: =COUNTIF(G5:G40,"Fail") -> 6
